user1,project1
user2,project2
user3,project3
user4,project4
user5,project5
user6,project6
user7,project7
user8,project8
user9,project9
user10,project10
user11,project11
user12,project12
user13,project13
user14,project14
user15,project15
user16,project16
user17,project17
user18,project18
user19,project19
user20,project20
user21,project21
user22,project22
user23,project23
user24,project24
user25,project25
user26,project26
user27,project27
user28,project28
user29,project29
user30,project30
user31,project31
user32,project32
user33,project33
user34,project34
user35,project35
user36,project36
user37,project37
user38,project38
user39,project39
user40,project40
user41,project41
